"","Hugo_Symbol","Tumor_Sample_Barcode","HGVSp_Short"
"1","BRAF","TCGA-GF-A4EO","p.V600E"
"2","BRAF","TCGA-GF-A4EO","p.K183E"
"3","BRAF","TCGA-D3-A8GB","p.V600E"
"4","BRAF","TCGA-FS-A1ZH","p.V600E"
"5","BRAF","TCGA-DA-A1I5","p.V600E"
"6","BRAF","TCGA-D3-A2JP","p.V600E"
"7","BRAF","TCGA-D3-A3MO","p.V600E"
"8","BRAF","TCGA-EE-A2MH","p.V600E"
"9","BRAF","TCGA-D3-A2JE","p.V600E"
"10","BRAF","TCGA-EE-A3AF","p.V600E"
"11","BRAF","TCGA-EE-A2GB","p.V600E"
"12","BRAF","TCGA-EE-A2GB","p.V600M"
"13","BRAF","TCGA-FW-A5DX","p.V600E"
"14","BRAF","TCGA-D3-A2JD","p.V600E"
"15","BRAF","TCGA-D3-A3MR","p.V600E"
"16","BRAF","TCGA-D9-A3Z3","p.V600E"
"17","BRAF","TCGA-QB-A6FS","p.V600E"
"18","BRAF","TCGA-QB-A6FS","p.V600M"
"19","BRAF","TCGA-GN-A4U7","p.V600E"
"20","BRAF","TCGA-ER-A42K","p.V600E"
"21","BRAF","TCGA-D3-A2JG","p.V600E"
"22","BRAF","TCGA-D3-A5GT","p.V600E"
"23","BRAF","TCGA-DA-A1I7","p.V600E"
"24","BRAF","TCGA-EE-A3AA","p.E695K"
"25","BRAF","TCGA-EE-A3AA","p.K601E"
"26","BRAF","TCGA-FW-A3R5","p.H725Y"
"27","BRAF","TCGA-FW-A3R5","p.G469E"
"28","BRAF","TCGA-D3-A3C7","p.V600E"
"29","BRAF","TCGA-D9-A6E9","p.V600E"
"30","BRAF","TCGA-EE-A3AB","p.V600E"
"31","BRAF","TCGA-EE-A3JD","p.S467L"
"32","BRAF","TCGA-D3-A2JA","p.V600E"
"33","BRAF","TCGA-D3-A51N","p.V600E"
"34","BRAF","TCGA-DA-A1I2","p.V600E"
"35","BRAF","TCGA-D3-A1Q9","p.V600E"
"36","BRAF","TCGA-FS-A1ZN","p.V600E"
"37","BRAF","TCGA-D3-A3MU","p.V600E"
"38","BRAF","TCGA-D9-A4Z2","p.V600E"
"39","BRAF","TCGA-BF-A3DL","p.V600E"
"40","BRAF","TCGA-BF-A3DL","p.V600M"
"41","BRAF","TCGA-WE-AAA4","p.V600E"
"42","BRAF","TCGA-DA-A3F8","p.V600E"
"43","BRAF","TCGA-DA-A3F8","p.V600M"
"44","BRAF","TCGA-HR-A2OH","p.V600E"
"45","BRAF","TCGA-EB-A42Z","p.V600E"
"46","BRAF","TCGA-EE-A29A","p.V600E"
"47","BRAF","TCGA-D3-A8GD","p.V600E"
"48","BRAF","TCGA-DA-A95W","p.V600E"
"49","BRAF","TCGA-FW-A3TV","p.V600E"
"50","BRAF","TCGA-W3-AA1O","p.H235Y"
"51","BRAF","TCGA-D3-A5GR","p.V600E"
"52","BRAF","TCGA-WE-A8K5","p.V600E"
"53","BRAF","TCGA-WE-A8K5","p.V600M"
"54","BRAF","TCGA-D3-A2JK","p.V600E"
"55","BRAF","TCGA-GF-A6C9","p.V600E"
"56","BRAF","TCGA-GF-A6C9","p.V600M"
"57","BRAF","TCGA-D9-A6EC","p.L485F"
"58","BRAF","TCGA-D9-A6EC","p.L485*"
"59","BRAF","TCGA-EE-A3AD","p.V600E"
"60","BRAF","TCGA-DA-A1I4","p.V600E"
"61","BRAF","TCGA-D3-A51J","p.V600E"
"62","BRAF","TCGA-D3-A51T","p.G469R"
"63","BRAF","TCGA-EE-A29E","p.V600E"
"64","BRAF","TCGA-EE-A29E","p.V600M"
"65","BRAF","TCGA-D3-A5GS","p.V600E"
"66","BRAF","TCGA-EE-A2MQ","p.P731S"
"67","BRAF","TCGA-EE-A2MQ","p.K601E"
"68","BRAF","TCGA-EE-A2M8","p.V600E"
"69","BRAF","TCGA-EB-A5FP","p.V600E"
"70","BRAF","TCGA-EB-A5FP","p.V600M"
"71","BRAF","TCGA-BF-AAP0","p.V600E"
"72","BRAF","TCGA-BF-AAP0","p.V600M"
"73","BRAF","TCGA-ER-A2NG","p.V600E"
"74","BRAF","TCGA-GN-A26A","p.V600E"
"75","BRAF","TCGA-DA-A1HW","p.V600E"
"76","BRAF","TCGA-BF-A3DN","p.V600E"
"77","BRAF","TCGA-ER-A2ND","p.V600E"
"78","BRAF","TCGA-EE-A3AG","p.V600E"
"79","BRAF","TCGA-FS-A4FB","p.V600E"
"80","BRAF","TCGA-DA-A1HY","p.V600E"
"81","BRAF","TCGA-WE-A8ZR","p.V600E"
"82","BRAF","TCGA-ER-A3PL","p.V600E"
"83","BRAF","TCGA-EE-A17Y","p.V600E"
"84","BRAF","TCGA-D3-A1Q6","p.V600E"
"85","BRAF","TCGA-D3-A1Q4","p.V600E"
"86","BRAF","TCGA-BF-AAP6","p.V600E"
"87","BRAF","TCGA-ER-A19J","p.V600E"
"88","BRAF","TCGA-ER-A19J","p.V600M"
"89","BRAF","TCGA-FR-A728","p.V600E"
"90","BRAF","TCGA-DA-A1I0","p.V600E"
"91","BRAF","TCGA-DA-A1I0","p.V600M"
"92","BRAF","TCGA-D9-A6EG","p.V600E"
"93","BRAF","TCGA-D3-A2JN","p.V600E"
"94","BRAF","TCGA-D3-A2J7","p.V600E"
"95","BRAF","TCGA-WE-A8ZX","p.V600E"
"96","BRAF","TCGA-W3-AA1Q","p.V600E"
"97","BRAF","TCGA-W3-AA1Q","p.V600M"
"98","BRAF","TCGA-GN-A263","p.V600E"
"99","BRAF","TCGA-EE-A3JE","p.V600E"
"100","BRAF","TCGA-D3-A3CE","p.V600E"
"101","BRAF","TCGA-ER-A19O","p.V600E"
"102","BRAF","TCGA-EE-A3JB","p.V600E"
"103","BRAF","TCGA-FS-A1Z7","p.V600E"
"104","BRAF","TCGA-FS-A1ZM","p.V600E"
"105","BRAF","TCGA-DA-A95Z","p.G466E"
"106","BRAF","TCGA-D9-A4Z6","p.R726C"
"107","BRAF","TCGA-WE-A8K6","p.V600E"
"108","BRAF","TCGA-WE-A8ZT","p.V600E"
"109","BRAF","TCGA-EE-A2MK","p.V600E"
"110","BRAF","TCGA-BF-A3DJ","p.V600E"
"111","BRAF","TCGA-EB-A24D","p.K601E"
"112","BRAF","TCGA-EB-A24D","p.L245F"
